# OpenTelemetry Metrics report: .csv, 4 fields: 
# <metric name>, <period start, nanoseconds>, <period end, nanoseconds>, <metric value>
# See CsvMetricsExporter for details.
# 
# NAME, PERIOD_START_NANOS, PERIOD_END_NANOS, VALUE
parser.JAVA.time.ns,1787283395727000000,1787283419134000000,255062793
lexer.JAVA.time.ns,1787283395727000000,1787283419134000000,9887775
parser.textmate.time.ns,1787283395727000000,1787283419134000000,1471513
parser.JAVA.size.bytes,1787283395727000000,1787283419134000000,778
writeAction.wait.ms,1787283395727000000,1787283419134000000,6
parser.JSON.size.bytes,1787283395727000000,1787283419134000000,0
lexer.yaml.time.ns,1787283395727000000,1787283419134000000,94621
parser.textmate.size.bytes,1787283395727000000,1787283419134000000,1145
lexer.textmate.time.ns,1787283395727000000,1787283419134000000,19140
writeAction.max.wait.ms,1787283395727000000,1787283419134000000,4
lexer.yaml.size.bytes,1787283395727000000,1787283419134000000,0
parser.JSON.time.ns,1787283395727000000,1787283419134000000,21579014
lexer.JSON.time.ns,1787283395727000000,1787283419134000000,61911
lexer.JSON.size.bytes,1787283395727000000,1787283419134000000,0
parser.yaml.size.bytes,1787283395727000000,1787283419134000000,0
writeAction.count,1787283395727000000,1787283419134000000,15
parser.yaml.time.ns,1787283395727000000,1787283419134000000,264722
lexer.textmate.size.bytes,1787283395727000000,1787283419134000000,1145
lexer.JAVA.size.bytes,1787283395727000000,1787283419134000000,778
writeAction.median.wait.ms,1787283395727000000,1787283419134000000,0
VFS.fileByIdCache.hits,1787283395727000000,1787283419134000000,0
VFS.invertedFileNameIndex.requests,1787283395727000000,1787283419134000000,6
VFS.fileChildByName,1787283395727000000,1787283419134000000,2073
VFS.fileByIdCache.misses,1787283395727000000,1787283419134000000,37
JVM.maxHeapBytes,1787283395727000000,1787283419134000000,2147483648
JVM.maxThreadCount,1787283395727000000,1787283419134000000,115
JVM.threadCount,1787283395727000000,1787283419134000000,103
JVM.usedHeapBytes,1787283395727000000,1787283419134000000,313324032
JVM.totalCpuTimeMs,1787283395727000000,1787283419134000000,72350
OS.loadAverage,1787283395727000000,1787283419134000000,3.31005859375
JVM.usedNativeBytes,1787283395727000000,1787283419134000000,308128664
JVM.totalDirectByteBuffersBytes,1787283395727000000,1787283419134000000,45872820
JVM.GC.collectionTimesMs,1787283395727000000,1787283419134000000,287
JVM.GC.collections,1787283395727000000,1787283419134000000,24
JVM.totalBytesAllocated,1787283395727000000,1787283419134000000,1079696512
JVM.newThreadsCount,1787283395727000000,1787283419134000000,131
cacheStateStorage.set.duration,1787283395727000000,1787283419134000000,13
cacheStateStorage.get.duration,1787283395727000000,1787283419134000000,690
cacheStateStorage.set.counter,1787283395727000000,1787283419134000000,5
cacheStateStorage.get.counter,1787283395727000000,1787283419134000000,23
jps.global.initialize.library.bridges.ms,1787283395727000000,1787283419134000000,0
workspaceModel.sync.entities.ms,1787283395727000000,1787283419134000000,0
workspaceModel.moduleManagerBridge.create.module.instance.ms,1787283395727000000,1787283419134000000,0
jps.project.serializers.load.ms,1787283395727000000,1787283419134000000,54
workspaceModel.mutableEntityStorage.entities.ms,1787283395727000000,1787283419134000000,0
jps.library.entities.serializer.load.entities.ms,1787283395727000000,1787283419134000000,0
workspaceModel.moduleManagerBridge.load.all.modules.ms,1787283395727000000,1787283419134000000,199
workspaceModel.mutableEntityStorage.modify.entity.ms,1787283395727000000,1787283419134000000,2
jps.global.handle.changed.events.ms,1787283395727000000,1787283419134000000,0
workspaceModel.mutableEntityStorage.add.entity.ms,1787283395727000000,1787283419134000000,66
jps.module.iml.entities.serializer.save.entities.ms,1787283395727000000,1787283419134000000,0
workspaceModel.moduleManagerBridge.newModule.ms,1787283395727000000,1787283419134000000,0
jps.load.initial.state.ms,1787283395727000000,1787283419134000000,28
jps.project.serializers.save.ms,1787283395727000000,1787283419134000000,2
workspaceModel.global.updates.ms,1787283395727000000,1787283419134000000,73
jps.reload.project.entities.ms,1787283395727000000,1787283419134000000,0
jps.global.get.libraries.ms,1787283395727000000,1787283419134000000,0
workspaceModel.moduleManagerBridge.build.module.graph.ms,1787283395727000000,1787283419134000000,7
workspaceModel.moduleBridge.before.changed.ms,1787283395727000000,1787283419134000000,0
jps.save.global.entities.ms,1787283395727000000,1787283419134000000,46
workspaceModel.mutableEntityStorage.entities.by.source.ms,1787283395727000000,1787283419134000000,1
workspaceModel.mutableEntityStorage.referrers.ms,1787283395727000000,1787283419134000000,0
jps.module.iml.entities.serializer.load.entities.ms,1787283395727000000,1787283419134000000,29
workspaceModel.mutableEntityStorage.put.entity.ms,1787283395727000000,1787283419134000000,6
workspaceModel.load.cache.from.file.ms,1787283395727000000,1787283419134000000,342
jps.save.changed.project.entities.ms,1787283395727000000,1787283419134000000,2
workspaceModel.moduleManagerBridge.set.unloadedModules.ms,1787283395727000000,1787283419134000000,0
workspaceModel.mutableEntityStorage.has.same.entities.ms,1787283395727000000,1787283419134000000,0
workspaceModel.save.cache.to.file.ms,1787283395727000000,1787283419134000000,157
jps.facet.change.listener.init.bridge.ms,1787283395727000000,1787283419134000000,0
jps.artifact.entities.serializer.load.entities.ms,1787283395727000000,1787283419134000000,0
workspaceModel.global.apply.state.to.project.builder.ms,1787283395727000000,1787283419134000000,7
jps.app.storage.content.reader.load.component.ms,1787283395727000000,1787283419134000000,9
workspaceModel.moduleBridge.facet.initialization.ms,1787283395727000000,1787283419134000000,0
workspaceModel.moduleManagerBridge.new.nonPersistent.module.ms,1787283395727000000,1787283419134000000,0
workspaceModel.mutableEntityStorage.to.snapshot.ms,1787283395727000000,1787283419134000000,3
jps.global.handle.before.change.events.ms,1787283395727000000,1787283419134000000,0
workspaceModel.mutableEntityStorage.remove.entity.ms,1787283395727000000,1787283419134000000,0
jps.global.initialize.library.bridges.after.loading.ms,1787283395727000000,1787283419134000000,2
jps.global.get.library.by.name.ms,1787283395727000000,1787283419134000000,0
workspaceModel.global.updates.count,1787283395727000000,1787283419134000000,1
workspaceModel.moduleManagerBridge.get.modules.ms,1787283395727000000,1787283419134000000,0
workspaceModel.mutableEntityStorage.replace.by.source.ms,1787283395727000000,1787283419134000000,19
jps.facet.change.listener.before.change.events.ms,1787283395727000000,1787283419134000000,1
workspaceModel.mutableEntityStorage.collect.changes.ms,1787283395727000000,1787283419134000000,2
jps.storage.jps.conf.reader.load.component.ms,1787283395727000000,1787283419134000000,7
workspaceModel.orphan.listener.update.ms,1787283395727000000,1787283419134000000,4
workspaceModel.mutableEntityStorage.mutable.ext.mapping.ms,1787283395727000000,1787283419134000000,3
workspaceModel.delayed.project.synchronizer.sync.ms,1787283395727000000,1787283419134000000,134
jps.global.get.library.ms,1787283395727000000,1787283419134000000,0
workspaceModel.mutableEntityStorage.instances.count,1787283395727000000,1787283419134000000,27
workspaceModel.moduleBridge.update.option.ms,1787283395727000000,1787283419134000000,0
workspaceModel.moduleBridgeLoader.loading.modules.ms,1787283395727000000,1787283419134000000,657
workspaceModel.mutableEntityStorage.apply.changes.from.ms,1787283395727000000,1787283419134000000,11
workspaceModel.global.apply.state.to.project.ms,1787283395727000000,1787283419134000000,167
workspaceModel.mutableEntityStorage.mutable.vfurl.index.ms,1787283395727000000,1787283419134000000,0
jps.apply.loaded.storage.ms,1787283395727000000,1787283419134000000,21
workspaceModel.mutableEntityStorage.resolve.ms,1787283395727000000,1787283419134000000,0
workspaceModel.do.save.caches.ms,1787283395727000000,1787283419134000000,196
workspaceModel.load.cache.metadata.from.file.ms,1787283395727000000,1787283419134000000,45
jps.facet.change.listener.process.change.events.ms,1787283395727000000,1787283419134000000,1
jps.load.project.to.empty.storage.ms,1787283395727000000,1787283419134000000,111
jps.library.entities.serializer.save.entities.ms,1787283395727000000,1787283419134000000,0
jps.app.storage.content.writer.save.component.ms,1787283395727000000,1787283419134000000,13
jps.artifact.entities.serializer.save.entities.ms,1787283395727000000,1787283419134000000,0
workspaceModel.moduleManagerBridge.load.module.ms,1787283395727000000,1787283419134000000,0
AWTEventQueue.dispatchTimeTotalNS,1787283395727000000,1787283419134000000,9297684647
NonBlockingReadAction.failedExecutionsCount,1787283395727000000,1787283419134000000,0
NonBlockingReadAction.finalizedExecutionTimeUs,1787283395727000000,1787283419134000000,2970141
NonBlockingReadAction.finalizedExecutionsCount,1787283395727000000,1787283419134000000,28
NonBlockingReadAction.failedExecutionTimeUs,1787283395727000000,1787283419134000000,0
compiler.ArtifactManagerBridge.findArtifact.ms,1787283395727000000,1787283419134000000,0
compiler.ArtifactManagerBridge.addArtifact.ms,1787283395727000000,1787283419134000000,0
compiler.ArtifactManagerBridge.getArtifacts.ms,1787283395727000000,1787283419134000000,0
compiler.ArtifactManagerBridge.initBridges.ms,1787283395727000000,1787283419134000000,2
compiler.ArtifactVirtualFileListener.filePathChanged.ms,1787283395727000000,1787283419134000000,0
compiler.ArtifactManagerBridge.getArtifactsByType.ms,1787283395727000000,1787283419134000000,3
compiler.ArtifactVirtualFileListener.propertyChanged.ms,1787283395727000000,1787283419134000000,0
compiler.ArtifactManagerBridge.commit.ms,1787283395727000000,1787283419134000000,0
compiler.ArtifactManagerBridge.dropMappings.ms,1787283395727000000,1787283419134000000,0
workspaceModel.workspaceFileIndexData.onEntitiesChanged.ms,1787283395727000000,1787283419134000000,25
workspaceModel.to.snapshot.ms,1787283395727000000,1787283419134000000,0
workspaceModel.workspaceFileIndexData.processFileSets.ms,1787283395727000000,1787283419134000000,0
workspaceModel.full.replace.project.model.ms,1787283395727000000,1787283419134000000,5
workspaceModel.cachedValueWithParameters.clear.ms,1787283395727000000,1787283419134000000,0
workspaceModel.updates.precise.ms,1787283395727000000,1787283419134000000,15
workspaceModel.workspaceFileIndexData.init.ms,1787283395727000000,1787283419134000000,129
workspaceModel.cachedValueWithParameters.total.get.ms,1787283395727000000,1787283419134000000,0
workspaceModel.workspaceFileIndexData.visitFileSets.ms,1787283395727000000,1787283419134000000,2
workspaceModel.cachedValue.total.get.ms,1787283395727000000,1787283419134000000,27
workspaceModel.pre.handlers.ms,1787283395727000000,1787283419134000000,0
workspaceModel.workspaceFileIndexData.getFileInfo.ms,1787283395727000000,1787283419134000000,235
workspaceModel.workspaceFileIndexData.updateDirtyEntities.ms,1787283395727000000,1787283419134000000,0
workspaceModel.workspaceFileIndexData.getPackageName.ms,1787283395727000000,1787283419134000000,8
workspaceModel.check.recursive.update.ms,1787283395727000000,1787283419134000000,0
workspaceModel.workspaceFileIndexData.instances.count,1787283395727000000,1787283419134000000,1
workspaceModel.updates.count,1787283395727000000,1787283419134000000,3
workspaceModel.cachedValueWithParameters.from.cache.ms,1787283395727000000,1787283419134000000,0
workspaceModel.update.unloaded.entities.ms,1787283395727000000,1787283419134000000,0
workspaceModel.cachedValue.from.cache.ms,1787283395727000000,1787283419134000000,1
workspaceModel.workspaceFileIndexData.getDirectoriesByPackageName.ms,1787283395727000000,1787283419134000000,255
workspaceModel.workspaceFileIndexData.markDirty.ms,1787283395727000000,1787283419134000000,0
workspaceModel.replace.project.model.ms,1787283395727000000,1787283419134000000,0
workspaceModel.initializing.ms,1787283395727000000,1787283419134000000,3
workspaceModel.updates.ms,1787283395727000000,1787283419134000000,116
workspaceModel.collect.changes.ms,1787283395727000000,1787283419134000000,0
workspaceModel.loading.from.cache.ms,1787283395727000000,1787283419134000000,319
workspaceModel.cachedValue.clear.ms,1787283395727000000,1787283419134000000,3
workspaceModel.workspaceFileIndexContributor.registerFileSets.ms,1787283395727000000,1787283419134000000,187
workspaceModel.cachedValueWithParameters.calculated.ms,1787283395727000000,1787283419134000000,0
workspaceModel.loading.total.ms,1787283395727000000,1787283419134000000,344
workspaceModel.entityStorageSnapshotImpl.instances.count,1787283395727000000,1787283419134000000,19
workspaceModel.cachedValue.calculated.ms,1787283395727000000,1787283419134000000,26
workspaceModel.init.bridges.ms,1787283395727000000,1787283419134000000,3
FilePageCache.totalPageDisposalsUs,1787283395727000000,1787283419134000000,4442
DirectByteBufferAllocator.totalSizeOfBuffersAllocatedInBytes,1787283395727000000,1787283419134000000,41959424
FilePageCache.maxRegisteredFiles,1787283395727000000,1787283419134000000,555
FilePageCacheLockFree.totalPagesHandedOver,1787283395727000000,1787283419134000000,0
FilePageCacheLockFree.totalPagesWritten,1787283395727000000,1787283419134000000,0
FilePageCacheLockFree.totalPagesReclaimed,1787283395727000000,1787283419134000000,0
FilePageCache.disposedBuffers,1787283395727000000,1787283419134000000,221
FilePageCacheLockFree.totalClosedStoragesReclaimed,1787283395727000000,1787283419134000000,0
FilePageCacheLockFree.totalPagesRequestsMs,1787283395727000000,1787283419134000000,0
StorageLockContext.competingThreads.max,1787283395727000000,1787283419134000000,0
FilePageCache.uncachedFileAccess,1787283395727000000,1787283419134000000,136
FilePageCacheLockFree.totalPagesReadMs,1787283395727000000,1787283419134000000,0
FilePageCacheLockFree.totalNativeBytesAllocated,1787283395727000000,1787283419134000000,0
FilePageCacheLockFree.housekeeperTurnsSkipped,1787283395727000000,1787283419134000000,0
FilePageCacheLockFree.housekeeperTimeSpentMs,1787283395727000000,1787283419134000000,0
FilePageCacheLockFree.totalHeapBytesAllocated,1787283395727000000,1787283419134000000,0
FilePageCache.totalPageLoadsUs,1787283395727000000,1787283419134000000,645920
FilePageCache.maxCacheSizeInBytes,1787283395727000000,1787283419134000000,226508800
DirectByteBufferAllocator.hits,1787283395727000000,1787283419134000000,3
FilePageCacheLockFree.totalHeapBytesReclaimed,1787283395727000000,1787283419134000000,0
FilePageCache.pageLoads,1787283395727000000,1787283419134000000,221
DirectByteBufferAllocator.misses,1787283395727000000,1787283419134000000,218
FilePageCacheLockFree.totalBytesRead,1787283395727000000,1787283419134000000,0
DirectByteBufferAllocator.reclaimed,1787283395727000000,1787283419134000000,45
FilePageCacheLockFree.totalPageAllocationsWaited,1787283395727000000,1787283419134000000,0
FilePageCache.pageHits,1787283395727000000,1787283419134000000,0
FilePageCacheLockFree.totalBytesRequested,1787283395727000000,1787283419134000000,0
FilePageCacheLockFree.totalPagesAllocated,1787283395727000000,1787283419134000000,0
DirectByteBufferAllocator.totalSizeOfBuffersCachedInBytes,1787283395727000000,1787283419134000000,41959424
FilePageCache.pageFastCacheHits,1787283395727000000,1787283419134000000,4816
FilePageCache.capacityInBytes,1787283395727000000,1787283419134000000,503316478
FileChannelInterruptsRetryer.totalRetriedAttempts,1787283395727000000,1787283419134000000,0
FilePageCacheLockFree.totalPagesRequested,1787283395727000000,1787283419134000000,0
DirectByteBufferAllocator.disposed,1787283395727000000,1787283419134000000,176
StorageLockContext.competingThreads.avg,1787283395727000000,1787283419134000000,0.0
FilePageCacheLockFree.totalBytesWritten,1787283395727000000,1787283419134000000,0
FilePageCacheLockFree.totalPagesWriteMs,1787283395727000000,1787283419134000000,0
FilePageCacheLockFree.nativeBytesInUse,1787283395727000000,1787283419134000000,0
FilePageCacheLockFree.totalNativeBytesReclaimed,1787283395727000000,1787283419134000000,0
FilePageCacheLockFree.heapBytesInUse,1787283395727000000,1787283419134000000,0
FilePageCache.pageLoadsAboveSizeThreshold,1787283395727000000,1787283419134000000,0
FilePageCacheLockFree.housekeeperTurnsDone,1787283395727000000,1787283419134000000,0
StorageLockContext.competingThreads.90P,1787283395727000000,1787283419134000000,0
Indexes.stubs.lookupDuration90PMs,1787283395727000000,1787283419134000000,0.0
Indexes.stubs.lookupDurationAvgMs,1787283395727000000,1787283419134000000,0.0
Indexes.stubs.lookupDurationMaxMs,1787283395727000000,1787283419134000000,0.0
Indexes.allKeys.lookups,1787283395727000000,1787283419134000000,0.0
Indexes.entries.lookupDurationAvgMs,1787283395727000000,1787283419134000000,0.0
Indexes.stubs.lookups,1787283395727000000,1787283419134000000,0.0
Indexes.entries.lookupDuration90PMs,1787283395727000000,1787283419134000000,0.0
Indexes.allKeys.lookupDurationMaxMs,1787283395727000000,1787283419134000000,0.0
Indexes.entries.lookupDurationMaxMs,1787283395727000000,1787283419134000000,0.0
Indexes.entries.lookups,1787283395727000000,1787283419134000000,0.0
Indexes.allKeys.lookupDurationAvgMs,1787283395727000000,1787283419134000000,0.0
Indexes.allKeys.lookupDuration90PMs,1787283395727000000,1787283419134000000,0.0
